Headline,URL
The American system of democracy has crashed,https://www.theverge.com/policy/697301/trump-supreme-court-founding-fathers-july-4
CommentsComment Icon Bubble,https://www.theverge.com/policy/697301/trump-supreme-court-founding-fathers-july-4#comments
Samsung is about to find out if Ultra is enough,https://www.theverge.com/samsung/697322/samsung-galaxy-unpacked-2025-z-fold-7-ultra
CommentsComment Icon Bubble,https://www.theverge.com/samsung/697322/samsung-galaxy-unpacked-2025-z-fold-7-ultra#comments
Mercedes-Benz electric G-Wagen review: king of the off-road,https://www.theverge.com/mercedes-benz/689487/mercedes-benz-g580-gwagen-ev-specs-price-review
CommentsComment Icon Bubble,https://www.theverge.com/mercedes-benz/689487/mercedes-benz-g580-gwagen-ev-specs-price-review#comments
Lenovo Chromebook Plus 14 review: the new king of Chromebooks,https://www.theverge.com/reviews/697878/lenovo-chromebook-plus-14-laptop-google-chromeos-review
CommentsComment Icon Bubble,https://www.theverge.com/reviews/697878/lenovo-chromebook-plus-14-laptop-google-chromeos-review#comments
A guide to the best sci-fi streaming this summer,https://www.theverge.com/streaming-wars/695388/summer-sci-fi-streaming-2025-murderbot-alien-earth
CommentsComment Icon Bubble,https://www.theverge.com/streaming-wars/695388/summer-sci-fi-streaming-2025-murderbot-alien-earth#comments
